{"count":1,"self":185.65512959999998,"total":185.92702409999998,"children":{"InitializeActuators":{"count":6,"self":0.0015375,"total":0.0015375,"children":null},"InitializeSensors":{"count":6,"self":0.0015517999999999999,"total":0.0015517999999999999,"children":null},"AgentSendState":{"count":1458,"self":0.015133899999999999,"total":0.20704209999999998,"children":{"CollectObservations":{"count":616,"self":0.0167935,"total":0.0167935,"children":null},"WriteActionMask":{"count":616,"self":0.005195,"total":0.005195,"children":null},"RequestDecision":{"count":616,"self":0.16991969999999998,"total":0.16991969999999998,"children":null}}},"DecideAction":{"count":1458,"self":0.017161799999999998,"total":0.017161799999999998,"children":null},"AgentAct":{"count":1458,"self":0.044606299999999995,"total":0.044606299999999995,"children":null}},"gauges":{},"metadata":{"timer_format_version":"0.1.0","start_time_seconds":"1745171200","unity_version":"6000.0.41f1","command_line_arguments":"C:\\Program Files\\Unity\\Hub\\Editor\\6000.0.41f1\\Editor\\Unity.exe -projectpath D:\\Projects\\School\\TrafficSimTest\\TrafficSimTest -useHub -hubIPC -cloudEnvironment production","communication_protocol_version":"1.5.0","com.unity.ml-agents_version":"3.0.0","scene_name":"InitTestScenee5f05447-acd0-497f-a976-3d5d942a751c","end_time_seconds":"1745171386"}}