{"count":1,"self":167.05697279999998,"total":167.51051769999998,"children":{"InitializeActuators":{"count":22,"self":0.0035139999999999998,"total":0.0035139999999999998,"children":null},"InitializeSensors":{"count":22,"self":0.0010008999999999999,"total":0.0010008999999999999,"children":null},"AgentSendState":{"count":2087,"self":0.0365411,"total":0.32782839999999996,"children":{"CollectObservations":{"count":1246,"self":0.040397999999999996,"total":0.040397999999999996,"children":null},"WriteActionMask":{"count":1246,"self":0.0075423,"total":0.0075423,"children":null},"RequestDecision":{"count":1246,"self":0.24334699999999998,"total":0.24334699999999998,"children":null}}},"DecideAction":{"count":2087,"self":0.0299105,"total":0.0299105,"children":null},"AgentAct":{"count":2087,"self":0.091293,"total":0.091293,"children":null}},"gauges":{},"metadata":{"timer_format_version":"0.1.0","start_time_seconds":"1746965761","unity_version":"6000.0.41f1","command_line_arguments":"C:\\Program Files\\Unity\\Hub\\Editor\\6000.0.41f1\\Editor\\Unity.exe -projectpath D:\\Projects\\School\\TrafficSimTest\\TrafficSimTest -useHub -hubIPC -cloudEnvironment production","communication_protocol_version":"1.5.0","com.unity.ml-agents_version":"3.0.0","scene_name":"Simulation","end_time_seconds":"1746965928"}}